"000","[[163.7,163.3,164.0,163.6,165.0,163.9,164.0,164.9,163.9,165.0,163.3,164.0,164.2,163.9,163.3,157.4,164.0,165.7,165.4,164.6]]","[[""CAL"",""CAL"",""CAL"",""CAL"",""CAL"",""CAL"",""CAL"",""CAL"",""CAL"",""CAL"",""CAL"",""CAL"",""CAL"",""CAL"",""CAL"",""CAPHRI"",""CAL"",""CAL"",""CAL"",""CAL""]]","","",""
"001","[[163.7,165.6,163.7,164.0,164.7,163.9,164.1,165.0,163.5,165.0,163.3,163.9,164.3,163.9,163.3,157.3,164.4,165.4,165.4,165.3]]","[[""CAL"",""CAL"",""CAL"",""CAL"",""CAL"",""CAL"",""CAL"",""CAL"",""CAL"",""CAL"",""CAL"",""CAL"",""CAL"",""CAL"",""CAL"",""CAPHRI"",""CAL"",""CAL"",""CAL"",""CAL""]]","","",""
"002","[[162.9,165.0,163.9,165.1,164.7,164.9,165.9,164.6,163.7,163.7,164.9,164.0,164.7,164.1,165.8,165.0,164.9,163.9,164.9,162.4]]","[[""CAL"",""CAL"",""CAL"",""CAL"",""CAL"",""CAL"",""CAL"",""CAL"",""CAL"",""CAL"",""CAL"",""CAL"",""CAL"",""CAL"",""CAL"",""CAL"",""CAL"",""CAL"",""CAL"",""CAL""]]","","",""
"003","[[166.2,164.6,164.0,164.7,165.0,164.9,163.3,164.0,163.7,164.5,165.0,165.8,164.6,163.9,165.7,164.9,164.8,163.9,164.7,162.4]]","[[""CAL"",""CAL"",""CAL"",""CAL"",""CAL"",""CAL"",""CAL"",""CAL"",""CAL"",""CAL"",""CAL"",""CAL"",""CAL"",""CAL"",""CAL"",""CAL"",""CAL"",""CAL"",""CAL"",""CAL""]]","","",""
"004","[[164.2,164.0,165.3,164.3,166.7,164.0,164.0,165.2,164.2,164.2,164.3,163.0,163.3,164.9,164.3,164.3,163.3,164.9,164.3,164.7]]","[[""CAL"",""CAL"",""CAL"",""CAL"",""CAL"",""CAL"",""CAL"",""CAL"",""CAL"",""CAL"",""CAL"",""CAL"",""CAL"",""CAL"",""CAL"",""CAL"",""CAL"",""CAL"",""CAL"",""CAL""]]","","",""
"005","[[164.2,164.8,165.3,164.4,163.4,164.0,164.0,165.1,164.3,164.2,164.9,164.7,163.4,164.9,164.2,164.2,164.3,164.9,164.3,164.7]]","[[""CAL"",""CAL"",""CAL"",""CAL"",""CAL"",""CAL"",""CAL"",""CAL"",""CAL"",""CAL"",""CAL"",""CAL"",""CAL"",""CAL"",""CAL"",""CAL"",""CAL"",""CAL"",""CAL"",""CAL""]]","","",""
"006","[[165.2,164.6,164.8,164.3,163.6,163.6,164.2,165.1,165.3,165.1,164.7,165.0,163.8,163.9,163.0,162.4,163.9,164.3,163.9,165.1]]","[[""CAL"",""CAL"",""CAL"",""CAL"",""CAL"",""CAL"",""CAL"",""CAL"",""CAL"",""CAL"",""CAL"",""CAL"",""CAL"",""CAL"",""CAL"",""CAL"",""CAL"",""CAL"",""CAL"",""CAL""]]","","",""
"007","[[165.2,164.6,164.8,164.3,163.6,163.3,164.3,165.3,165.2,165.4,164.6,165.3,165.7,163.9,164.6,162.4,166.8,164.2,164.2,165.3]]","[[""CAL"",""CAL"",""CAL"",""CAL"",""CAL"",""CAL"",""CAL"",""CAL"",""CAL"",""CAL"",""CAL"",""CAL"",""CAL"",""CAL"",""CAL"",""CAL"",""CAL"",""CAL"",""CAL"",""CAL""]]","","",""
"008","[[165.1,163.7,165.4,165.5,164.3,163.7,165.0,165.1,165.1,165.0,165.4,163.9,164.0,165.2,165.3,165.0,164.8,165.5,0.0,165.0]]","[[""CAL"",""CAL"",""CAL"",""CAL"",""CAL"",""CAL"",""CAL"",""CAL"",""CAL"",""CAL"",""CAL"",""CAL"",""CAL"",""CAL"",""CAL"",""CAL"",""CAL"",""CAL"",""EMPTY"",""PIN-DIODE""]]","","",""
"009","[[165.0,163.7,164.8,165.7,163.9,163.6,165.1,165.2,165.0,165.0,165.2,163.2,163.7,165.3,165.0,164.4,164.6,163.6,0.0,165.0]]","[[""CAL"",""CAL"",""CAL"",""CAL"",""CAL"",""CAL"",""CAL"",""CAL"",""CAL"",""CAL"",""CAL"",""CAL"",""CAL"",""CAL"",""CAL"",""CAL"",""CAL"",""CAL"",""EMPTY"",""PIN-DIODE""]]","","",""
"010","[[164.7,164.4,165.2,165.2,164.6,164.2,164.5,164.9,163.6,165.2,164.7,164.9,164.9,164.6,165.3,165.2,165.3,164.9,165.0,165.0]]","[[""CAL"",""CAL"",""CAL"",""CAL"",""CAL"",""CAL"",""CAL"",""CAL"",""CAL"",""CAL"",""CAL"",""CAL"",""CAL"",""CAL"",""CAL"",""CAL"",""CAL"",""CAL"",""CAL"",""PIN-DIODE""]]","","",""
"011","[[164.8,165.3,165.3,165.2,163.6,164.2,164.6,165.3,163.6,164.9,163.7,164.7,165.0,165.3,165.3,165.3,165.0,163.7,164.8,165.0]]","[[""CAL"",""CAL"",""CAL"",""CAL"",""CAL"",""CAL"",""CAL"",""CAL"",""CAL"",""CAL"",""CAL"",""CAL"",""CAL"",""CAL"",""CAL"",""CAL"",""CAL"",""CAL"",""CAL"",""PIN-DIODE""]]","","",""
"012","[[165.0,163.0,164.6,164.3,164.4,164.9,164.0,165.2,163.7,164.2,164.4,163.3,163.6,163.3,164.2,165.0,165.2,165.6,164.8,164.2]]","[[""CAL"",""CAL"",""CAL"",""CAL"",""CAL"",""CAL"",""CAL"",""CAL"",""CAL"",""CAL"",""CAL"",""CAL"",""CAL"",""CAL"",""CAL"",""CAL"",""CAL"",""CAL"",""CAL"",""CAL""]]","","",""
"013","[[165.0,164.7,164.6,163.9,164.3,165.3,163.9,165.5,163.5,164.3,164.7,163.3,163.6,163.6,164.3,164.9,165.5,165.0,164.9,164.2]]","[[""CAL"",""CAL"",""CAL"",""CAL"",""CAL"",""CAL"",""CAL"",""CAL"",""CAL"",""CAL"",""CAL"",""CAL"",""CAL"",""CAL"",""CAL"",""CAL"",""CAL"",""CAL"",""CAL"",""CAL""]]","","",""
"014","[[163.4,164.3,164.2,164.2,163.3,164.7,164.6,163.7,163.3,164.3,163.3,164.7,164.7,163.9,163.6,163.6,164.0,163.6,163.7,163.7]]","[[""CAL"",""CAL"",""CAL"",""CAL"",""CAL"",""CAL"",""CAL"",""CAL"",""CAL"",""CAL"",""CAL"",""CAL"",""CAL"",""CAL"",""CAL"",""CAL"",""CAL"",""CAL"",""CAL"",""CAL""]]","","",""
"015","[[164.8,164.2,164.3,164.6,163.4,164.3,164.6,163.7,163.3,164.2,163.6,164.7,164.0,163.5,163.6,163.7,163.7,164.0,164.0,163.6]]","[[""CAL"",""CAL"",""CAL"",""CAL"",""CAL"",""CAL"",""CAL"",""CAL"",""CAL"",""CAL"",""CAL"",""CAL"",""CAL"",""CAL"",""CAL"",""CAL"",""CAL"",""CAL"",""CAL"",""CAL""]]","","",""
"016","[[164.6,164.9,163.6,163.1,164.6,163.6,164.0,165.7,162.8,164.9,163.4,163.5,163.6,164.9,164.7,166.4,164.2,164.3,164.6,163.7]]","[[""CAL"",""CAL"",""CAL"",""CAL"",""CAL"",""CAL"",""CAL"",""CAL"",""CAL"",""CAL"",""CAL"",""CAL"",""CAL"",""CAL"",""CAL"",""CAL"",""CAL"",""CAL"",""CAL"",""CAL""]]","","",""
"017","[[164.3,164.6,163.7,164.9,164.7,163.6,163.7,165.7,163.0,164.9,165.3,165.3,163.6,164.8,164.3,166.5,164.2,164.2,164.6,163.7]]","[[""CAL"",""CAL"",""CAL"",""CAL"",""CAL"",""CAL"",""CAL"",""CAL"",""CAL"",""CAL"",""CAL"",""CAL"",""CAL"",""CAL"",""CAL"",""CAL"",""CAL"",""CAL"",""CAL"",""CAL""]]","","",""
"018","[[165.0,163.3,165.0,164.9,165.2,165.7,163.7,165.0,164.9,164.6,165.0,164.3,163.7,163.6,165.1,163.7,164.7,163.4,165.0,164.3]]","[[""CAL"",""CAL"",""CAL"",""CAL"",""CAL"",""CAL"",""CAL"",""CAL"",""CAL"",""CAL"",""CAL"",""CAL"",""CAL"",""CAL"",""CAL"",""CAL"",""CAL"",""CAL"",""CAL"",""CAL""]]","","",""
"019","[[165.0,163.6,164.9,164.9,165.1,163.7,164.9,164.9,164.9,163.0,163.7,165.0,163.6,163.7,165.4,165.0,164.7,165.3,165.0,164.3]]","[[""CAL"",""CAL"",""CAL"",""CAL"",""CAL"",""CAL"",""CAL"",""CAL"",""CAL"",""CAL"",""CAL"",""CAL"",""CAL"",""CAL"",""CAL"",""CAL"",""CAL"",""CAL"",""CAL"",""CAL""]]","","",""
"020","[[165.4,164.2,164.9,164.0,164.3,165.0,165.6,163.6,163.8,166.0,163.7,165.6,164.8,164.3,164.0,165.0,164.9,166.1,165.8,165.3]]","[[""CAL"",""CAL"",""CAL"",""CAL"",""CAL"",""CAL"",""CAL"",""CAL"",""CAL"",""CAL"",""CAL"",""CAL"",""CAL"",""CAL"",""CAL"",""CAL"",""CAL"",""CAL"",""CAL"",""CAL""]]","","",""
"021","[[165.4,163.9,165.1,163.9,164.3,165.0,163.2,163.6,163.8,164.4,163.9,166.1,165.1,163.7,164.3,164.9,164.9,166.1,165.1,165.1]]","[[""CAL"",""CAL"",""CAL"",""CAL"",""CAL"",""CAL"",""CAL"",""CAL"",""CAL"",""CAL"",""CAL"",""CAL"",""CAL"",""CAL"",""CAL"",""CAL"",""CAL"",""CAL"",""CAL"",""CAL""]]","","",""
"024","[[164.9,163.3,163.2,165.1,163.6,164.9,163.8,164.0,163.3,164.7,166.6,164.8,165.9,165.6,163.6,164.9,163.6,164.8,157.1,164.6]]","[[""CAL"",""CAL"",""CAL"",""CAL"",""CAL"",""CAL"",""CAL"",""CAL"",""CAL"",""CAL"",""CAL"",""CAL"",""CAL"",""CAL"",""CAL"",""CAL"",""CAL"",""CAL"",""CAPHRI"",""CAL""]]","","",""
"025","[[164.9,163.3,163.3,165.2,162.8,166.2,163.6,163.3,163.2,164.8,165.6,164.8,164.7,166.0,163.6,165.0,163.5,165.2,157.0,164.7]]","[[""CAL"",""CAL"",""CAL"",""CAL"",""CAL"",""CAL"",""CAL"",""CAL"",""CAL"",""CAL"",""CAL"",""CAL"",""CAL"",""CAL"",""CAL"",""CAL"",""CAL"",""CAL"",""CAPHRI"",""CAL""]]","","",""
"026","[[164.1,163.9,165.1,164.6,166.3,164.3,164.0,163.3,164.8,164.3,163.3,164.9,163.4,163.3,163.6,163.2,166.4,163.3,164.7,166.0]]","[[""CAL"",""CAL"",""CAL"",""CAL"",""CAL"",""CAL"",""CAL"",""CAL"",""CAL"",""CAL"",""CAL"",""CAL"",""CAL"",""CAL"",""CAL"",""CAL"",""CAL"",""CAL"",""CAL"",""CAL""]]","","",""
"027","[[164.3,163.9,165.1,164.2,166.7,164.3,163.2,163.2,164.8,164.4,163.3,165.1,163.4,163.9,163.6,163.2,164.6,163.2,164.8,166.3]]","[[""CAL"",""CAL"",""CAL"",""CAL"",""CAL"",""CAL"",""CAL"",""CAL"",""CAL"",""CAL"",""CAL"",""CAL"",""CAL"",""CAL"",""CAL"",""CAL"",""CAL"",""CAL"",""CAL"",""CAL""]]","","",""
"028","[[164.6,164.7,164.9,166.3,163.4,165.3,164.0,164.0,163.0,164.3,165.0,164.9,163.3,164.6,164.2,163.3,163.7,164.0,164.6,165.8]]","[[""CAL"",""CAL"",""CAL"",""CAL"",""CAL"",""CAL"",""CAL"",""CAL"",""CAL"",""CAL"",""CAL"",""CAL"",""CAL"",""CAL"",""CAL"",""CAL"",""CAL"",""CAL"",""CAL"",""CAL""]]","","",""
"029","[[164.9,164.9,164.8,166.5,163.6,163.6,164.0,164.0,163.0,164.4,164.9,165.0,164.2,163.8,164.2,163.3,164.2,164.0,165.0,165.4]]","[[""CAL"",""CAL"",""CAL"",""CAL"",""CAL"",""CAL"",""CAL"",""CAL"",""CAL"",""CAL"",""CAL"",""CAL"",""CAL"",""CAL"",""CAL"",""CAL"",""CAL"",""CAL"",""CAL"",""CAL""]]","","",""
"032","[[164.0,163.9,163.9,163.6,164.2,163.7,163.7,165.3,164.7,164.7,163.9,164.4,164.2,164.6,163.6,164.8,166.0,165.6,165.3,165.4]]","[[""CAL"",""CAL"",""CAL"",""CAL"",""CAL"",""CAL"",""CAL"",""CAL"",""CAL"",""CAL"",""CAL"",""CAL"",""CAL"",""CAL"",""CAL"",""CAL"",""CAL"",""CAL"",""CAL"",""CAL""]]","","",""
"033","[[163.9,163.7,163.9,163.6,164.3,163.6,163.6,165.3,164.7,164.7,164.3,163.8,164.3,164.6,163.0,164.7,166.3,165.6,165.3,164.8]]","[[""CAL"",""CAL"",""CAL"",""CAL"",""CAL"",""CAL"",""CAL"",""CAL"",""CAL"",""CAL"",""CAL"",""CAL"",""CAL"",""CAL"",""CAL"",""CAL"",""CAL"",""CAL"",""CAL"",""CAL""]]","","",""
"034","[[164.2,164.3,163.7,165.0,165.0,163.6,162.4,166.4,163.5,164.3,163.1,164.6,165.2,165.5,164.9,166.0,164.9,164.9,164.9,164.6]]","[[""CAL"",""CAL"",""CAL"",""CAL"",""CAL"",""CAL"",""CAL"",""CAL"",""CAL"",""CAL"",""CAL"",""CAL"",""CAL"",""CAL"",""CAL"",""CAL"",""CAL"",""CAL"",""CAL"",""CAL""]]","","",""
"035","[[164.3,164.3,163.3,165.0,165.0,163.6,162.7,166.0,164.4,164.0,162.9,164.8,164.7,165.9,164.6,164.7,164.8,164.9,165.4,164.7]]","[[""CAL"",""CAL"",""CAL"",""CAL"",""CAL"",""CAL"",""CAL"",""CAL"",""CAL"",""CAL"",""CAL"",""CAL"",""CAL"",""CAL"",""CAL"",""CAL"",""CAL"",""CAL"",""CAL"",""CAL""]]","","",""
"036","[[165.5,164.8,165.1,165.8,165.3,164.2,163.6,164.7,164.9,164.7,164.7,166.8,165.6,164.6,163.4,165.3,164.6,164.5,166.2,165.0]]","[[""CAL"",""CAL"",""CAL"",""CAL"",""CAL"",""CAL"",""CAL"",""CAL"",""CAL"",""CAL"",""CAL"",""CAL"",""CAL"",""CAL"",""CAL"",""CAL"",""CAL"",""CAL"",""CAL"",""CAL""]]","","",""
"037","[[164.7,164.8,165.1,165.4,166.4,164.3,164.4,164.8,164.9,164.7,164.8,166.4,166.5,165.9,163.6,164.9,164.6,164.5,164.5,166.7]]","[[""CAL"",""CAL"",""CAL"",""CAL"",""CAL"",""CAL"",""CAL"",""CAL"",""CAL"",""CAL"",""CAL"",""CAL"",""CAL"",""CAL"",""CAL"",""CAL"",""CAL"",""CAL"",""CAL"",""CAL""]]","","",""
"040","[[165.4,164.3,163.4,155.3,164.9,164.0,164.0,163.9,165.0,164.0,164.6,164.6,165.0,165.1,164.7,164.0,164.0,164.4,164.4,165.5]]","[[""CAL"",""CAL"",""CAL"",""CAPHRI"",""CAL"",""CAL"",""CAL"",""CAL"",""CAL"",""CAL"",""CAL"",""CAL"",""CAL"",""CAL"",""CAL"",""CAL"",""CAL"",""CAL"",""CAL"",""CAL""]]","","",""
"041","[[165.0,164.3,163.3,155.6,164.9,163.9,164.0,163.9,163.7,163.7,164.6,164.7,165.1,165.1,164.7,164.0,164.3,164.3,163.9,165.2]]","[[""CAL"",""CAL"",""CAL"",""CAPHRI"",""CAL"",""CAL"",""CAL"",""CAL"",""CAL"",""CAL"",""CAL"",""CAL"",""CAL"",""CAL"",""CAL"",""CAL"",""CAL"",""CAL"",""CAL"",""CAL""]]","","",""
"042","[[164.9,163.9,165.2,165.4,165.0,165.4,163.0,163.7,163.3,165.0,164.2,164.9,165.9,163.9,165.2,163.7,164.3,165.1,164.0,163.9]]","[[""CAL"",""CAL"",""CAL"",""CAL"",""CAL"",""CAL"",""CAL"",""CAL"",""CAL"",""CAL"",""CAL"",""CAL"",""CAL"",""CAL"",""CAL"",""CAL"",""CAL"",""CAL"",""CAL"",""CAL""]]","","",""
"043","[[164.8,164.0,165.3,165.4,165.7,165.4,163.1,163.6,163.3,165.0,164.3,164.6,165.6,163.4,165.5,163.7,162.7,164.8,165.1,164.3]]","[[""CAL"",""CAL"",""CAL"",""CAL"",""CAL"",""CAL"",""CAL"",""CAL"",""CAL"",""CAL"",""CAL"",""CAL"",""CAL"",""CAL"",""CAL"",""CAL"",""CAL"",""CAL"",""CAL"",""CAL""]]","","",""
"044","[[163.7,165.3,162.8,163.7,164.2,164.2,164.6,165.5,165.5,165.4,165.1,164.3,163.6,163.3,164.3,164.2,165.6,165.2,164.7,164.6]]","[[""CAL"",""CAL"",""CAL"",""CAL"",""CAL"",""CAL"",""CAL"",""CAL"",""CAL"",""CAL"",""CAL"",""CAL"",""CAL"",""CAL"",""CAL"",""CAL"",""CAL"",""CAL"",""CAL"",""CAL""]]","","",""
"045","[[163.6,165.6,162.7,163.7,164.2,164.2,164.6,165.4,165.5,165.4,165.1,164.9,164.2,165.1,163.7,164.3,165.3,165.7,164.7,164.3]]","[[""CAL"",""CAL"",""CAL"",""CAL"",""CAL"",""CAL"",""CAL"",""CAL"",""CAL"",""CAL"",""CAL"",""CAL"",""CAL"",""CAL"",""CAL"",""CAL"",""CAL"",""CAL"",""CAL"",""CAL""]]","","",""
"046","[[165.3,164.3,164.2,164.6,164.3,164.3,163.0,163.6,165.8,163.8,165.2,164.8,165.3,165.4,163.7,164.9,164.4,165.6,164.0,165.0]]","[[""CAL"",""CAL"",""CAL"",""CAL"",""CAL"",""CAL"",""CAL"",""CAL"",""CAL"",""CAL"",""CAL"",""CAL"",""CAL"",""CAL"",""CAL"",""CAL"",""CAL"",""CAL"",""CAL"",""CAL""]]","","",""
"047","[[165.3,164.4,162.7,164.3,164.3,162.9,162.6,164.0,165.7,163.9,165.1,165.6,165.2,165.1,163.7,164.9,166.3,165.7,165.2,164.8]]","[[""CAL"",""CAL"",""CAL"",""CAL"",""CAL"",""CAL"",""CAL"",""CAL"",""CAL"",""CAL"",""CAL"",""CAL"",""CAL"",""CAL"",""CAL"",""CAL"",""CAL"",""CAL"",""CAL"",""CAL""]]","","",""
"048","[[165.0,165.1,164.8,164.7,165.5,164.2,165.3,164.3,165.5,164.6,165.0,164.9,163.4,164.7,164.9,165.2,163.6,164.6,164.6,0.0]]","[[""PIN-DIODE"",""CAL"",""CAL"",""CAL"",""CAL"",""CAL"",""CAL"",""CAL"",""CAL"",""CAL"",""CAL"",""CAL"",""CAL"",""CAL"",""CAL"",""CAL"",""CAL"",""CAL"",""CAL"",""EMPTY""]]","","",""
"049","[[165.0,165.1,164.7,164.7,165.4,164.6,165.3,164.3,165.5,163.3,165.0,164.9,163.6,164.7,165.2,165.2,165.2,164.6,164.6,0.0]]","[[""PIN-DIODE"",""CAL"",""CAL"",""CAL"",""CAL"",""CAL"",""CAL"",""CAL"",""CAL"",""CAL"",""CAL"",""CAL"",""CAL"",""CAL"",""CAL"",""CAL"",""CAL"",""CAL"",""CAL"",""EMPTY""]]","","",""
"050","[[165.0,164.3,163.8,164.6,165.3,165.0,163.9,165.0,163.9,163.8,164.6,164.8,164.9,164.0,165.1,163.6,163.7,164.0,164.9,165.1]]","[[""PIN-DIODE"",""CAL"",""CAL"",""CAL"",""CAL"",""CAL"",""CAL"",""CAL"",""CAL"",""CAL"",""CAL"",""CAL"",""CAL"",""CAL"",""CAL"",""CAL"",""CAL"",""CAL"",""CAL"",""CAL""]]","","",""
"051","[[165.0,164.3,164.0,164.5,165.2,165.0,163.9,164.9,163.9,163.8,164.6,163.9,164.9,163.5,165.0,163.7,163.6,164.0,164.6,165.4]]","[[""PIN-DIODE"",""CAL"",""CAL"",""CAL"",""CAL"",""CAL"",""CAL"",""CAL"",""CAL"",""CAL"",""CAL"",""CAL"",""CAL"",""CAL"",""CAL"",""CAL"",""CAL"",""CAL"",""CAL"",""CAL""]]","","",""
"052","[[164.3,164.3,165.2,163.2,165.3,163.7,164.0,164.3,165.3,163.3,163.7,164.7,164.4,164.9,164.9,165.4,165.0,164.3,164.6,163.4]]","[[""CAL"",""CAL"",""CAL"",""CAL"",""CAL"",""CAL"",""CAL"",""CAL"",""CAL"",""CAL"",""CAL"",""CAL"",""CAL"",""CAL"",""CAL"",""CAL"",""CAL"",""CAL"",""CAL"",""CAL""]]","","",""
"053","[[164.6,164.3,165.3,163.6,165.3,163.5,164.0,164.3,164.6,164.3,164.2,164.9,164.4,164.6,165.0,165.4,165.0,165.2,164.6,163.0]]","[[""CAL"",""CAL"",""CAL"",""CAL"",""CAL"",""CAL"",""CAL"",""CAL"",""CAL"",""CAL"",""CAL"",""CAL"",""CAL"",""CAL"",""CAL"",""CAL"",""CAL"",""CAL"",""CAL"",""CAL""]]","","",""
"054","[[164.6,165.0,165.0,165.2,163.6,164.7,163.9,164.6,163.9,164.3,164.3,165.0,164.4,165.6,163.6,164.0,164.0,164.6,162.7,163.8]]","[[""CAL"",""CAL"",""CAL"",""CAL"",""CAL"",""CAL"",""CAL"",""CAL"",""CAL"",""CAL"",""CAL"",""CAL"",""CAL"",""CAL"",""CAL"",""CAL"",""CAL"",""CAL"",""CAL"",""CAL""]]","","",""
"055","[[164.7,165.6,165.0,164.9,165.0,163.6,164.7,164.7,164.6,164.4,164.3,164.9,164.0,165.6,163.6,164.0,164.0,165.6,162.6,164.0]]","[[""CAL"",""CAL"",""CAL"",""CAL"",""CAL"",""CAL"",""CAL"",""CAL"",""CAL"",""CAL"",""CAL"",""CAL"",""CAL"",""CAL"",""CAL"",""CAL"",""CAL"",""CAL"",""CAL"",""CAL""]]","","",""
"056","[[163.4,164.9,165.1,162.9,164.6,166.3,165.4,164.3,165.0,165.0,163.6,164.3,164.3,163.7,163.0,164.5,164.7,165.6,163.2,163.9]]","[[""CAL"",""CAL"",""CAL"",""CAL"",""CAL"",""CAL"",""CAL"",""CAL"",""CAL"",""CAL"",""CAL"",""CAL"",""CAL"",""CAL"",""CAL"",""CAL"",""CAL"",""CAL"",""CAL"",""CAL""]]","","",""
"057","[[165.0,164.9,165.1,164.6,164.6,162.9,164.4,164.3,164.9,165.0,165.3,164.2,164.5,163.6,162.9,164.4,164.8,165.2,163.3,162.4]]","[[""CAL"",""CAL"",""CAL"",""CAL"",""CAL"",""CAL"",""CAL"",""CAL"",""CAL"",""CAL"",""CAL"",""CAL"",""CAL"",""CAL"",""CAL"",""CAL"",""CAL"",""CAL"",""CAL"",""CAL""]]","","",""
"058","[[164.7,164.3,164.8,164.7,164.3,164.2,165.0,164.2,164.9,165.8,164.9,163.9,163.3,163.9,164.3,163.9,163.6,164.2,163.9,163.9]]","[[""CAL"",""CAL"",""CAL"",""CAL"",""CAL"",""CAL"",""CAL"",""CAL"",""CAL"",""CAL"",""CAL"",""CAL"",""CAL"",""CAL"",""CAL"",""CAL"",""CAL"",""CAL"",""CAL"",""CAL""]]","","",""
"059","[[163.6,165.3,165.1,164.7,164.9,164.2,164.2,164.3,163.9,165.8,163.3,163.9,163.6,163.9,164.3,164.0,163.3,164.3,165.0,163.9]]","[[""CAL"",""CAL"",""CAL"",""CAL"",""CAL"",""CAL"",""CAL"",""CAL"",""CAL"",""CAL"",""CAL"",""CAL"",""CAL"",""CAL"",""CAL"",""CAL"",""CAL"",""CAL"",""CAL"",""CAL""]]","","",""
"060","[[165.3,165.3,163.4,162.7,164.9,164.0,165.1,163.7,164.3,164.6,163.6,163.2,165.0,165.6,165.1,163.6,163.0,164.3,164.2,163.2]]","[[""CAL"",""CAL"",""CAL"",""CAL"",""CAL"",""CAL"",""CAL"",""CAL"",""CAL"",""CAL"",""CAL"",""CAL"",""CAL"",""CAL"",""CAL"",""CAL"",""CAL"",""CAL"",""CAL"",""CAL""]]","","",""
"061","[[163.6,166.8,165.6,164.3,165.3,163.9,165.1,163.7,164.3,166.1,163.6,163.3,165.0,164.9,165.1,165.3,163.0,165.0,164.3,163.3]]","[[""CAL"",""CAL"",""CAL"",""CAL"",""CAL"",""CAL"",""CAL"",""CAL"",""CAL"",""CAL"",""CAL"",""CAL"",""CAL"",""CAL"",""CAL"",""CAL"",""CAL"",""CAL"",""CAL"",""CAL""]]","","",""
"064","[[164.8,157.1,164.4,164.7,164.6,166.6,164.7,164.5,163.4,165.2,163.6,165.6,164.6,165.6,163.6,163.6,163.6,163.2,165.3,164.5]]","[[""CAL"",""CAPHRI"",""CAL"",""CAL"",""CAL"",""CAL"",""CAL"",""CAL"",""CAL"",""CAL"",""CAL"",""CAL"",""CAL"",""CAL"",""CAL"",""CAL"",""CAL"",""CAL"",""CAL"",""CAL""]]","","",""
"065","[[164.7,157.1,164.2,164.9,164.6,164.6,164.4,164.9,165.0,165.3,163.9,163.6,164.6,165.3,163.3,163.8,163.3,163.4,164.7,164.6]]","[[""CAL"",""CAPHRI"",""CAL"",""CAL"",""CAL"",""CAL"",""CAL"",""CAL"",""CAL"",""CAL"",""CAL"",""CAL"",""CAL"",""CAL"",""CAL"",""CAL"",""CAL"",""CAL"",""CAL"",""CAL""]]","","",""
"066","[[164.9,163.6,164.6,164.7,164.7,163.4,165.3,165.4,166.3,165.0,164.8,165.1,163.4,163.7,164.0,164.9,163.9,163.9,164.2,164.0]]","[[""CAL"",""CAL"",""CAL"",""CAL"",""CAL"",""CAL"",""CAL"",""CAL"",""CAL"",""CAL"",""CAL"",""CAL"",""CAL"",""CAL"",""CAL"",""CAL"",""CAL"",""CAL"",""CAL"",""CAL""]]","","",""
"067","[[164.9,163.6,163.7,164.8,164.9,165.2,165.5,165.3,166.7,165.0,164.8,165.0,163.3,163.6,163.9,164.7,163.9,164.7,164.3,163.9]]","[[""CAL"",""CAL"",""CAL"",""CAL"",""CAL"",""CAL"",""CAL"",""CAL"",""CAL"",""CAL"",""CAL"",""CAL"",""CAL"",""CAL"",""CAL"",""CAL"",""CAL"",""CAL"",""CAL"",""CAL""]]","","",""
"068","[[166.6,164.7,165.1,163.6,164.5,165.5,163.3,164.8,162.6,163.4,163.4,165.4,165.4,166.6,165.4,163.9,163.0,166.7,163.8,163.7]]","[[""CAL"",""CAL"",""CAL"",""CAL"",""CAL"",""CAL"",""CAL"",""CAL"",""CAL"",""CAL"",""CAL"",""CAL"",""CAL"",""CAL"",""CAL"",""CAL"",""CAL"",""CAL"",""CAL"",""CAL""]]","","",""
"069","[[166.6,164.7,164.0,163.6,163.0,165.2,164.6,164.7,162.8,163.3,163.3,165.4,164.0,162.0,165.4,164.3,164.9,166.7,164.3,163.8]]","[[""CAL"",""CAL"",""CAL"",""CAL"",""CAL"",""CAL"",""CAL"",""CAL"",""CAL"",""CAL"",""CAL"",""CAL"",""CAL"",""CAL"",""CAL"",""CAL"",""CAL"",""CAL"",""CAL"",""CAL""]]","","",""
"072","[[165.5,165.6,164.2,164.3,165.1,166.4,164.8,164.7,164.7,163.9,163.2,165.3,164.9,164.4,165.2,163.6,164.0,164.3,164.9,163.6]]","[[""CAL"",""CAL"",""CAL"",""CAL"",""CAL"",""CAL"",""CAL"",""CAL"",""CAL"",""CAL"",""CAL"",""CAL"",""CAL"",""CAL"",""CAL"",""CAL"",""CAL"",""CAL"",""CAL"",""CAL""]]","","",""
"073","[[165.4,165.6,164.6,164.7,165.1,166.0,164.8,164.8,165.1,163.9,163.4,165.2,165.2,164.3,165.1,163.9,163.9,164.3,165.0,163.7]]","[[""CAL"",""CAL"",""CAL"",""CAL"",""CAL"",""CAL"",""CAL"",""CAL"",""CAL"",""CAL"",""CAL"",""CAL"",""CAL"",""CAL"",""CAL"",""CAL"",""CAL"",""CAL"",""CAL"",""CAL""]]","","",""
"074","[[166.1,163.3,163.6,163.6,164.1,164.6,163.6,165.2,164.3,164.4,165.1,165.6,164.7,163.9,164.3,164.3,165.3,164.7,163.7,163.6]]","[[""CAL"",""CAL"",""CAL"",""CAL"",""CAL"",""CAL"",""CAL"",""CAL"",""CAL"",""CAL"",""CAL"",""CAL"",""CAL"",""CAL"",""CAL"",""CAL"",""CAL"",""CAL"",""CAL"",""CAL""]]","","",""
"075","[[166.4,163.3,163.6,163.7,163.7,165.0,163.4,165.2,164.3,164.3,164.9,165.5,164.7,164.7,164.7,164.0,165.3,164.7,163.6,163.3]]","[[""CAL"",""CAL"",""CAL"",""CAL"",""CAL"",""CAL"",""CAL"",""CAL"",""CAL"",""CAL"",""CAL"",""CAL"",""CAL"",""CAL"",""CAL"",""CAL"",""CAL"",""CAL"",""CAL"",""CAL""]]","","",""
"076","[[163.5,164.0,163.4,165.6,165.0,166.7,165.4,166.3,163.0,165.2,165.2,163.3,164.6,165.4,164.8,164.8,165.4,164.8,164.5,164.3]]","[[""CAL"",""CAL"",""CAL"",""CAL"",""CAL"",""CAL"",""CAL"",""CAL"",""CAL"",""CAL"",""CAL"",""CAL"",""CAL"",""CAL"",""CAL"",""CAL"",""CAL"",""CAL"",""CAL"",""CAL""]]","","",""
"077","[[163.8,164.7,163.6,165.3,163.7,165.8,165.3,164.6,162.9,165.0,165.1,163.3,164.7,165.4,164.7,164.8,164.7,165.0,164.3,164.3]]","[[""CAL"",""CAL"",""CAL"",""CAL"",""CAL"",""CAL"",""CAL"",""CAL"",""CAL"",""CAL"",""CAL"",""CAL"",""CAL"",""CAL"",""CAL"",""CAL"",""CAL"",""CAL"",""CAL"",""CAL""]]","","",""
"080","[[164.2,164.3,164.6,162.7,164.0,163.6,163.3,163.0,163.6,164.2,163.6,164.6,163.9,164.3,164.9,164.2,163.3,164.5,164.2,163.6]]","[[""CAL"",""CAL"",""CAL"",""CAL"",""CAL"",""CAL"",""CAL"",""CAL"",""CAL"",""CAL"",""CAL"",""CAL"",""CAL"",""CAL"",""CAL"",""CAL"",""CAL"",""CAL"",""CAL"",""CAL""]]","","",""
"081","[[164.2,164.3,164.2,162.7,163.9,163.6,163.3,163.0,163.7,164.2,164.3,164.2,164.0,164.2,164.9,164.3,164.5,164.2,164.2,163.6]]","[[""CAL"",""CAL"",""CAL"",""CAL"",""CAL"",""CAL"",""CAL"",""CAL"",""CAL"",""CAL"",""CAL"",""CAL"",""CAL"",""CAL"",""CAL"",""CAL"",""CAL"",""CAL"",""CAL"",""CAL""]]","","",""
"082","[[162.3,164.0,164.0,163.6,163.9,163.9,164.0,164.6,164.2,163.7,163.6,164.0,164.5,163.3,163.9,166.0,164.9,165.0,165.2,163.9]]","[[""CAL"",""CAL"",""CAL"",""CAL"",""CAL"",""CAL"",""CAL"",""CAL"",""CAL"",""CAL"",""CAL"",""CAL"",""CAL"",""CAL"",""CAL"",""CAL"",""CAL"",""CAL"",""CAL"",""CAL""]]","","",""
"083","[[162.4,164.0,164.0,164.6,163.9,163.9,163.9,164.9,164.2,163.7,164.3,164.0,164.6,163.6,163.9,163.9,164.9,165.6,165.2,163.9]]","[[""CAL"",""CAL"",""CAL"",""CAL"",""CAL"",""CAL"",""CAL"",""CAL"",""CAL"",""CAL"",""CAL"",""CAL"",""CAL"",""CAL"",""CAL"",""CAL"",""CAL"",""CAL"",""CAL"",""CAL""]]","","",""
"084","[[166.8,163.9,164.8,165.1,164.8,164.3,164.5,164.0,163.6,163.5,165.1,163.6,164.3,164.3,163.7,164.0,163.7,163.7,163.6,164.9]]","[[""CAL"",""CAL"",""CAL"",""CAL"",""CAL"",""CAL"",""CAL"",""CAL"",""CAL"",""CAL"",""CAL"",""CAL"",""CAL"",""CAL"",""CAL"",""CAL"",""CAL"",""CAL"",""CAL"",""CAL""]]","","",""
"085","[[166.0,163.6,163.9,164.5,164.2,163.9,164.6,164.3,163.6,163.6,165.2,163.6,164.3,164.3,163.6,163.9,163.8,163.6,163.6,164.6]]","[[""CAL"",""CAL"",""CAL"",""CAL"",""CAL"",""CAL"",""CAL"",""CAL"",""CAL"",""CAL"",""CAL"",""CAL"",""CAL"",""CAL"",""CAL"",""CAL"",""CAL"",""CAL"",""CAL"",""CAL""]]","","",""
"086","[[164.2,164.3,164.2,164.6,164.2,164.7,163.9,164.3,164.5,164.2,164.3,163.5,163.9,163.3,163.3,163.3,162.7,164.1,164.0,162.9]]","[[""CAL"",""CAL"",""CAL"",""CAL"",""CAL"",""CAL"",""CAL"",""CAL"",""CAL"",""CAL"",""CAL"",""CAL"",""CAL"",""CAL"",""CAL"",""CAL"",""CAL"",""CAL"",""CAL"",""CAL""]]","","",""
"087","[[164.2,164.5,164.3,164.9,164.2,162.6,164.3,164.9,164.5,164.2,164.0,163.0,163.9,163.3,163.2,163.3,162.3,164.0,164.1,162.9]]","[[""CAL"",""CAL"",""CAL"",""CAL"",""CAL"",""CAL"",""CAL"",""CAL"",""CAL"",""CAL"",""CAL"",""CAL"",""CAL"",""CAL"",""CAL"",""CAL"",""CAL"",""CAL"",""CAL"",""CAL""]]","","",""
"088","[[163.9,164.0,163.6,164.6,163.7,164.3,163.9,164.3,164.3,163.6,163.0,164.0,163.0,164.0,164.7,163.6,164.3,163.6,0.0,165.0]]","[[""CAL"",""CAL"",""CAL"",""CAL"",""CAL"",""CAL"",""CAL"",""CAL"",""CAL"",""CAL"",""CAL"",""CAL"",""CAL"",""CAL"",""CAL"",""CAL"",""CAL"",""CAL"",""EMPTY"",""PIN-DIODE""]]","","",""
"089","[[163.9,164.0,163.7,164.6,163.7,164.3,163.9,164.3,164.2,164.2,163.7,164.0,164.3,163.9,164.0,163.7,164.0,164.0,0.0,165.0]]","[[""CAL"",""CAL"",""CAL"",""CAL"",""CAL"",""CAL"",""CAL"",""CAL"",""CAL"",""CAL"",""CAL"",""CAL"",""CAL"",""CAL"",""CAL"",""CAL"",""CAL"",""CAL"",""EMPTY"",""PIN-DIODE""]]","","",""
"090","[[164.6,164.0,163.9,164.5,163.6,164.3,163.8,164.0,164.2,164.0,163.4,165.6,164.3,164.9,165.3,162.7,162.4,163.0,163.7,165.0]]","[[""CAL"",""CAL"",""CAL"",""CAL"",""CAL"",""CAL"",""CAL"",""CAL"",""CAL"",""CAL"",""CAL"",""CAL"",""CAL"",""CAL"",""CAL"",""CAL"",""CAL"",""CAL"",""CAL"",""PIN-DIODE""]]","","",""
"091","[[164.5,163.9,164.2,164.6,163.6,164.3,163.3,163.9,164.3,164.3,165.6,164.2,164.2,164.9,164.9,162.7,162.6,162.9,163.9,165.0]]","[[""CAL"",""CAL"",""CAL"",""CAL"",""CAL"",""CAL"",""CAL"",""CAL"",""CAL"",""CAL"",""CAL"",""CAL"",""CAL"",""CAL"",""CAL"",""CAL"",""CAL"",""CAL"",""CAL"",""PIN-DIODE""]]","","",""
"092","[[163.9,164.9,162.7,164.9,164.9,164.5,164.6,163.9,164.3,162.7,162.7,162.6,163.6,164.0,163.0,164.3,164.6,162.9,163.6,164.3]]","[[""CAL"",""CAL"",""CAL"",""CAL"",""CAL"",""CAL"",""CAL"",""CAL"",""CAL"",""CAL"",""CAL"",""CAL"",""CAL"",""CAL"",""CAL"",""CAL"",""CAL"",""CAL"",""CAL"",""CAL""]]","","",""
"093","[[164.3,165.0,162.7,163.3,164.9,164.3,164.6,164.7,164.3,163.0,162.3,165.0,164.0,165.0,163.0,164.2,163.5,162.6,164.2,164.6]]","[[""CAL"",""CAL"",""CAL"",""CAL"",""CAL"",""CAL"",""CAL"",""CAL"",""CAL"",""CAL"",""CAL"",""CAL"",""CAL"",""CAL"",""CAL"",""CAL"",""CAL"",""CAL"",""CAL"",""CAL""]]","","",""
"094","[[163.7,163.9,164.2,163.9,164.2,166.2,164.2,165.9,163.2,163.7,163.6,163.9,164.2,164.2,164.3,163.9,164.3,164.2,163.9,163.7]]","[[""CAL"",""CAL"",""CAL"",""CAL"",""CAL"",""CAL"",""CAL"",""CAL"",""CAL"",""CAL"",""CAL"",""CAL"",""CAL"",""CAL"",""CAL"",""CAL"",""CAL"",""CAL"",""CAL"",""CAL""]]","","",""
"095","[[163.6,163.4,164.6,163.9,164.3,166.0,164.3,165.6,163.9,163.7,163.6,163.6,164.2,164.2,164.3,163.6,163.6,164.3,164.0,163.6]]","[[""CAL"",""CAL"",""CAL"",""CAL"",""CAL"",""CAL"",""CAL"",""CAL"",""CAL"",""CAL"",""CAL"",""CAL"",""CAL"",""CAL"",""CAL"",""CAL"",""CAL"",""CAL"",""CAL"",""CAL""]]","","",""
"096","[[165.6,163.3,163.6,163.7,166.2,163.6,163.6,164.9,163.7,163.9,163.9,163.3,163.3,164.2,163.7,163.7,164.2,164.6,165.6,163.0]]","[[""CAL"",""CAL"",""CAL"",""CAL"",""CAL"",""CAL"",""CAL"",""CAL"",""CAL"",""CAL"",""CAL"",""CAL"",""CAL"",""CAL"",""CAL"",""CAL"",""CAL"",""CAL"",""CAL"",""CAL""]]","","",""
"097","[[164.6,163.4,163.7,163.7,163.7,163.8,164.9,165.9,163.6,163.9,164.3,163.4,163.7,164.1,163.6,163.4,162.6,164.7,165.5,163.0]]","[[""CAL"",""CAL"",""CAL"",""CAL"",""CAL"",""CAL"",""CAL"",""CAL"",""CAL"",""CAL"",""CAL"",""CAL"",""CAL"",""CAL"",""CAL"",""CAL"",""CAL"",""CAL"",""CAL"",""CAL""]]","","",""
"098","[[164.5,164.6,164.0,163.7,164.6,163.7,163.6,164.1,164.2,163.9,163.6,164.6,163.6,162.1,163.7,164.3,163.6,165.0,163.6,163.7]]","[[""CAL"",""CAL"",""CAL"",""CAL"",""CAL"",""CAL"",""CAL"",""CAL"",""CAL"",""CAL"",""CAL"",""CAL"",""CAL"",""CAL"",""CAL"",""CAL"",""CAL"",""CAL"",""CAL"",""CAL""]]","","",""
"099","[[164.5,164.2,163.9,164.0,164.5,163.6,163.7,163.9,164.0,163.3,163.7,165.3,163.7,162.1,164.4,164.4,163.5,164.2,163.7,164.3]]","[[""CAL"",""CAL"",""CAL"",""CAL"",""CAL"",""CAL"",""CAL"",""CAL"",""CAL"",""CAL"",""CAL"",""CAL"",""CAL"",""CAL"",""CAL"",""CAL"",""CAL"",""CAL"",""CAL"",""CAL""]]","","",""
"100","[[164.3,165.2,164.3,163.6,165.3,164.0,164.3,163.1,163.7,164.6,165.5,164.0,163.7,164.3,163.3,163.9,163.6,163.7,164.6,163.7]]","[[""CAL"",""CAL"",""CAL"",""CAL"",""CAL"",""CAL"",""CAL"",""CAL"",""CAL"",""CAL"",""CAL"",""CAL"",""CAL"",""CAL"",""CAL"",""CAL"",""CAL"",""CAL"",""CAL"",""CAL""]]","","",""
"101","[[163.5,165.2,164.2,163.7,165.3,163.7,164.3,163.1,163.6,164.3,165.6,163.9,163.6,164.3,163.6,163.9,163.6,163.7,164.6,163.6]]","[[""CAL"",""CAL"",""CAL"",""CAL"",""CAL"",""CAL"",""CAL"",""CAL"",""CAL"",""CAL"",""CAL"",""CAL"",""CAL"",""CAL"",""CAL"",""CAL"",""CAL"",""CAL"",""CAL"",""CAL""]]","","",""
"104","[[164.5,164.7,163.6,164.1,165.4,163.3,163.6,163.7,164.6,163.5,163.6,165.0,163.8,165.3,165.6,163.0,163.6,163.1,164.9,164.0]]","[[""CAL"",""CAL"",""CAL"",""CAL"",""CAL"",""CAL"",""CAL"",""CAL"",""CAL"",""CAL"",""CAL"",""CAL"",""CAL"",""CAL"",""CAL"",""CAL"",""CAL"",""CAL"",""CAL"",""CAL""]]","","",""
"105","[[164.5,164.7,163.6,164.6,164.7,163.4,163.6,163.6,164.3,163.7,163.6,163.9,164.0,165.3,163.9,163.3,163.6,163.1,164.9,163.6]]","[[""CAL"",""CAL"",""CAL"",""CAL"",""CAL"",""CAL"",""CAL"",""CAL"",""CAL"",""CAL"",""CAL"",""CAL"",""CAL"",""CAL"",""CAL"",""CAL"",""CAL"",""CAL"",""CAL"",""CAL""]]","","",""
"106","[[165.5,163.9,163.7,163.8,165.1,165.4,166.0,164.0,163.9,164.6,165.8,165.1,163.6,164.9,163.7,163.7,163.6,165.2,165.1,164.0]]","[[""CAL"",""CAL"",""CAL"",""CAL"",""CAL"",""CAL"",""CAL"",""CAL"",""CAL"",""CAL"",""CAL"",""CAL"",""CAL"",""CAL"",""CAL"",""CAL"",""CAL"",""CAL"",""CAL"",""CAL""]]","","",""
"107","[[165.5,163.8,163.6,163.7,164.9,165.7,166.0,164.3,163.9,163.9,165.8,165.1,163.9,164.7,163.6,163.7,164.9,165.1,165.0,163.9]]","[[""CAL"",""CAL"",""CAL"",""CAL"",""CAL"",""CAL"",""CAL"",""CAL"",""CAL"",""CAL"",""CAL"",""CAL"",""CAL"",""CAL"",""CAL"",""CAL"",""CAL"",""CAL"",""CAL"",""CAL""]]","","",""
"108","[[164.5,163.9,164.3,164.2,165.2,164.9,163.9,163.9,164.3,163.9,165.6,164.0,163.0,165.7,163.9,164.5,162.3,162.3,162.4,163.9]]","[[""CAL"",""CAL"",""CAL"",""CAL"",""CAL"",""CAL"",""CAL"",""CAL"",""CAL"",""CAL"",""CAL"",""CAL"",""CAL"",""CAL"",""CAL"",""CAL"",""CAL"",""CAL"",""CAL"",""CAL""]]","","",""
"109","[[164.6,163.9,164.9,164.7,165.2,162.0,163.9,163.9,164.4,163.9,165.7,164.7,165.9,163.6,164.0,164.5,162.3,162.4,165.9,163.5]]","[[""CAL"",""CAL"",""CAL"",""CAL"",""CAL"",""CAL"",""CAL"",""CAL"",""CAL"",""CAL"",""CAL"",""CAL"",""CAL"",""CAL"",""CAL"",""CAL"",""CAL"",""CAL"",""CAL"",""CAL""]]","","",""
"112","[[165.4,164.6,164.7,165.3,164.7,165.7,165.3,165.2,165.3,163.9,163.5,164.6,163.9,163.3,165.3,163.9,165.0,163.7,163.9,163.8]]","[[""CAL"",""CAL"",""CAL"",""CAL"",""CAL"",""CAL"",""CAL"",""CAL"",""CAL"",""CAL"",""CAL"",""CAL"",""CAL"",""CAL"",""CAL"",""CAL"",""CAL"",""CAL"",""CAL"",""CAL""]]","","",""
"113","[[165.0,165.4,164.3,165.3,164.6,165.3,165.6,165.1,165.4,163.9,163.9,164.5,163.9,163.4,165.3,164.0,164.8,163.6,164.0,163.9]]","[[""CAL"",""CAL"",""CAL"",""CAL"",""CAL"",""CAL"",""CAL"",""CAL"",""CAL"",""CAL"",""CAL"",""CAL"",""CAL"",""CAL"",""CAL"",""CAL"",""CAL"",""CAL"",""CAL"",""CAL""]]","","",""
"114","[[164.3,164.3,164.3,165.0,164.7,165.1,163.6,163.4,164.9,164.2,163.6,164.6,164.9,163.9,165.2,163.6,163.7,165.1,164.9,163.9]]","[[""CAL"",""CAL"",""CAL"",""CAL"",""CAL"",""CAL"",""CAL"",""CAL"",""CAL"",""CAL"",""CAL"",""CAL"",""CAL"",""CAL"",""CAL"",""CAL"",""CAL"",""CAL"",""CAL"",""CAL""]]","","",""
"115","[[164.2,164.3,164.3,165.0,164.7,165.0,163.9,164.6,164.6,164.0,163.6,164.6,164.9,163.9,165.3,164.0,164.3,164.8,165.4,164.0]]","[[""CAL"",""CAL"",""CAL"",""CAL"",""CAL"",""CAL"",""CAL"",""CAL"",""CAL"",""CAL"",""CAL"",""CAL"",""CAL"",""CAL"",""CAL"",""CAL"",""CAL"",""CAL"",""CAL"",""CAL""]]","","",""
"116","[[164.2,163.3,164.6,163.7,163.9,164.2,164.2,165.6,165.2,163.9,162.9,164.0,164.3,164.0,163.9,165.3,164.7,164.3,164.6,163.9]]","[[""CAL"",""CAL"",""CAL"",""CAL"",""CAL"",""CAL"",""CAL"",""CAL"",""CAL"",""CAL"",""CAL"",""CAL"",""CAL"",""CAL"",""CAL"",""CAL"",""CAL"",""CAL"",""CAL"",""CAL""]]","","",""
"117","[[164.2,163.3,164.6,163.6,163.2,164.2,164.2,163.0,165.2,164.0,163.0,163.9,164.3,163.9,164.5,165.2,164.5,163.9,163.3,163.9]]","[[""CAL"",""CAL"",""CAL"",""CAL"",""CAL"",""CAL"",""CAL"",""CAL"",""CAL"",""CAL"",""CAL"",""CAL"",""CAL"",""CAL"",""CAL"",""CAL"",""CAL"",""CAL"",""CAL"",""CAL""]]","","",""
"120","[[166.0,163.5,164.9,163.3,164.6,163.6,163.7,164.2,164.3,164.6,164.9,166.2,163.0,162.4,164.0,163.9,163.6,164.6,163.9,163.9]]","[[""CAL"",""CAL"",""CAL"",""CAL"",""CAL"",""CAL"",""CAL"",""CAL"",""CAL"",""CAL"",""CAL"",""CAL"",""CAL"",""CAL"",""CAL"",""CAL"",""CAL"",""CAL"",""CAL"",""CAL""]]","","",""
"121","[[165.6,164.2,163.4,164.9,165.0,163.6,163.6,164.9,164.3,164.6,164.8,163.0,163.0,164.0,164.0,164.3,163.4,164.6,164.9,164.0]]","[[""CAL"",""CAL"",""CAL"",""CAL"",""CAL"",""CAL"",""CAL"",""CAL"",""CAL"",""CAL"",""CAL"",""CAL"",""CAL"",""CAL"",""CAL"",""CAL"",""CAL"",""CAL"",""CAL"",""CAL""]]","","",""
"122","[[163.9,165.2,163.9,163.9,164.0,164.0,163.7,164.0,164.0,164.3,163.9,163.7,164.9,164.6,164.6,164.6,163.9,163.0,164.3,164.0]]","[[""CAL"",""CAL"",""CAL"",""CAL"",""CAL"",""CAL"",""CAL"",""CAL"",""CAL"",""CAL"",""CAL"",""CAL"",""CAL"",""CAL"",""CAL"",""CAL"",""CAL"",""CAL"",""CAL"",""CAL""]]","","",""
"123","[[163.9,164.9,164.0,163.6,164.0,164.0,164.3,163.1,163.6,163.6,163.7,163.7,164.6,164.2,164.5,163.3,163.9,162.7,164.6,163.9]]","[[""CAL"",""CAL"",""CAL"",""CAL"",""CAL"",""CAL"",""CAL"",""CAL"",""CAL"",""CAL"",""CAL"",""CAL"",""CAL"",""CAL"",""CAL"",""CAL"",""CAL"",""CAL"",""CAL"",""CAL""]]","","",""
"124","[[164.2,164.0,164.2,163.7,163.7,164.2,164.6,164.3,164.3,164.4,164.6,164.0,163.9,163.5,164.3,164.9,164.2,164.2,164.9,164.6]]","[[""CAL"",""CAL"",""CAL"",""CAL"",""CAL"",""CAL"",""CAL"",""CAL"",""CAL"",""CAL"",""CAL"",""CAL"",""CAL"",""CAL"",""CAL"",""CAL"",""CAL"",""CAL"",""CAL"",""CAL""]]","","",""
"125","[[164.3,164.0,163.9,164.6,163.6,164.6,164.6,164.5,164.3,164.3,164.6,164.0,165.0,163.6,164.2,164.9,164.2,164.2,164.0,164.6]]","[[""CAL"",""CAL"",""CAL"",""CAL"",""CAL"",""CAL"",""CAL"",""CAL"",""CAL"",""CAL"",""CAL"",""CAL"",""CAL"",""CAL"",""CAL"",""CAL"",""CAL"",""CAL"",""CAL"",""CAL""]]","","",""
"126","[[163.9,164.0,165.3,163.3,164.3,163.7,163.9,163.9,164.3,164.2,164.6,163.9,164.3,164.6,164.0,164.0,163.9,163.3,164.9,164.3]]","[[""CAL"",""CAL"",""CAL"",""CAL"",""CAL"",""CAL"",""CAL"",""CAL"",""CAL"",""CAL"",""CAL"",""CAL"",""CAL"",""CAL"",""CAL"",""CAL"",""CAL"",""CAL"",""CAL"",""CAL""]]","","",""
"127","[[164.0,163.6,165.3,163.3,164.0,163.6,163.6,164.0,164.3,164.3,164.5,164.0,164.7,164.6,163.9,163.7,163.9,163.6,164.6,164.3]]","[[""CAL"",""CAL"",""CAL"",""CAL"",""CAL"",""CAL"",""CAL"",""CAL"",""CAL"",""CAL"",""CAL"",""CAL"",""CAL"",""CAL"",""CAL"",""CAL"",""CAL"",""CAL"",""CAL"",""CAL""]]","","",""
"128","[[165.0,165.5,164.5,164.5,164.3,164.0,164.3,163.6,163.6,163.6,163.7,164.0,163.9,163.8,164.0,163.7,163.6,163.0,163.9,0.0]]","[[""PIN-DIODE"",""CAL"",""CAL"",""CAL"",""CAL"",""CAL"",""CAL"",""CAL"",""CAL"",""CAL"",""CAL"",""CAL"",""CAL"",""CAL"",""CAL"",""CAL"",""CAL"",""CAL"",""CAL"",""EMPTY""]]","","",""
"129","[[165.0,163.6,163.6,164.5,164.3,163.9,164.3,163.5,163.6,163.7,164.3,164.0,163.9,163.6,163.8,163.7,163.7,163.2,164.0,0.0]]","[[""PIN-DIODE"",""CAL"",""CAL"",""CAL"",""CAL"",""CAL"",""CAL"",""CAL"",""CAL"",""CAL"",""CAL"",""CAL"",""CAL"",""CAL"",""CAL"",""CAL"",""CAL"",""CAL"",""CAL"",""EMPTY""]]","","",""
"130","[[165.0,163.2,164.0,163.3,164.4,164.3,164.2,163.9,164.7,162.4,164.5,164.9,164.6,163.5,164.0,163.9,163.9,163.3,164.0,162.3]]","[[""PIN-DIODE"",""CAL"",""CAL"",""CAL"",""CAL"",""CAL"",""CAL"",""CAL"",""CAL"",""CAL"",""CAL"",""CAL"",""CAL"",""CAL"",""CAL"",""CAL"",""CAL"",""CAL"",""CAL"",""CAL""]]","","",""
"131","[[165.0,161.9,163.6,164.2,164.3,164.2,164.6,164.6,164.7,162.6,164.5,164.5,164.6,163.7,163.9,164.0,163.6,163.3,162.2,162.4]]","[[""PIN-DIODE"",""CAL"",""CAL"",""CAL"",""CAL"",""CAL"",""CAL"",""CAL"",""CAL"",""CAL"",""CAL"",""CAL"",""CAL"",""CAL"",""CAL"",""CAL"",""CAL"",""CAL"",""CAL"",""CAL""]]","","",""
"132","[[165.3,163.3,164.0,162.7,163.4,163.6,164.3,163.9,165.6,164.0,162.4,165.2,166.2,164.3,163.7,163.7,164.2,164.6,164.3,164.6]]","[[""CAL"",""CAL"",""CAL"",""CAL"",""CAL"",""CAL"",""CAL"",""CAL"",""CAL"",""CAL"",""CAL"",""CAL"",""CAL"",""CAL"",""CAL"",""CAL"",""CAL"",""CAL"",""CAL"",""CAL""]]","","",""
"133","[[165.3,163.4,163.9,162.7,163.3,163.6,163.9,164.0,165.3,164.2,163.9,164.9,164.2,164.3,163.6,163.9,164.6,164.9,164.2,164.6]]","[[""CAL"",""CAL"",""CAL"",""CAL"",""CAL"",""CAL"",""CAL"",""CAL"",""CAL"",""CAL"",""CAL"",""CAL"",""CAL"",""CAL"",""CAL"",""CAL"",""CAL"",""CAL"",""CAL"",""CAL""]]","","",""
"134","[[163.3,164.3,165.9,163.0,163.3,163.3,163.9,165.0,164.3,163.7,164.2,163.3,164.9,163.7,162.7,163.0,164.0,163.3,163.6,164.3]]","[[""CAL"",""CAL"",""CAL"",""CAL"",""CAL"",""CAL"",""CAL"",""CAL"",""CAL"",""CAL"",""CAL"",""CAL"",""CAL"",""CAL"",""CAL"",""CAL"",""CAL"",""CAL"",""CAL"",""CAL""]]","","",""
"135","[[163.8,164.2,166.8,163.0,162.4,163.4,164.0,165.2,164.3,163.6,164.2,165.2,164.9,163.7,162.7,163.0,164.0,163.3,163.9,163.6]]","[[""CAL"",""CAL"",""CAL"",""CAL"",""CAL"",""CAL"",""CAL"",""CAL"",""CAL"",""CAL"",""CAL"",""CAL"",""CAL"",""CAL"",""CAL"",""CAL"",""CAL"",""CAL"",""CAL"",""CAL""]]","","",""
"136","[[165.2,164.6,163.9,166.6,164.6,163.6,164.6,164.7,164.3,165.3,163.0,163.9,163.3,165.0,163.9,164.6,164.6,163.6,164.2,164.0]]","[[""CAL"",""CAL"",""CAL"",""CAL"",""CAL"",""CAL"",""CAL"",""CAL"",""CAL"",""CAL"",""CAL"",""CAL"",""CAL"",""CAL"",""CAL"",""CAL"",""CAL"",""CAL"",""CAL"",""CAL""]]","","",""
"137","[[165.3,164.6,163.9,162.1,164.6,163.9,164.6,162.9,164.2,165.3,164.6,164.0,163.4,165.0,164.0,164.6,164.5,163.5,164.3,163.9]]","[[""CAL"",""CAL"",""CAL"",""CAL"",""CAL"",""CAL"",""CAL"",""CAL"",""CAL"",""CAL"",""CAL"",""CAL"",""CAL"",""CAL"",""CAL"",""CAL"",""CAL"",""CAL"",""CAL"",""CAL""]]","","",""
"138","[[163.3,163.9,164.0,164.2,163.7,164.3,165.9,163.8,164.1,165.3,164.3,164.3,165.2,164.5,164.9,163.3,164.9,163.7,163.7,164.5]]","[[""CAL"",""CAL"",""CAL"",""CAL"",""CAL"",""CAL"",""CAL"",""CAL"",""CAL"",""CAL"",""CAL"",""CAL"",""CAL"",""CAL"",""CAL"",""CAL"",""CAL"",""CAL"",""CAL"",""CAL""]]","","",""
"139","[[164.2,163.9,163.3,163.9,163.9,164.3,165.9,164.2,164.3,165.4,164.6,164.3,165.3,164.4,164.9,164.6,164.9,163.7,163.7,164.6]]","[[""CAL"",""CAL"",""CAL"",""CAL"",""CAL"",""CAL"",""CAL"",""CAL"",""CAL"",""CAL"",""CAL"",""CAL"",""CAL"",""CAL"",""CAL"",""CAL"",""CAL"",""CAL"",""CAL"",""CAL""]]","","",""
"140","[[165.2,163.3,163.9,163.6,164.0,163.6,163.0,164.6,163.9,163.6,164.5,163.9,164.1,163.9,163.3,164.9,164.6,165.3,162.1,164.5]]","[[""CAL"",""CAL"",""CAL"",""CAL"",""CAL"",""CAL"",""CAL"",""CAL"",""CAL"",""CAL"",""CAL"",""CAL"",""CAL"",""CAL"",""CAL"",""CAL"",""CAL"",""CAL"",""CAL"",""CAL""]]","","",""
"141","[[165.2,163.9,163.9,163.6,163.9,164.6,163.1,164.6,163.9,163.6,164.6,163.9,163.9,163.9,164.3,164.9,164.9,165.6,162.7,163.6]]","[[""CAL"",""CAL"",""CAL"",""CAL"",""CAL"",""CAL"",""CAL"",""CAL"",""CAL"",""CAL"",""CAL"",""CAL"",""CAL"",""CAL"",""CAL"",""CAL"",""CAL"",""CAL"",""CAL"",""CAL""]]","","",""
"144","[[164.7,164.6,165.2,164.6,165.3,164.9,163.5,165.4,164.3,163.0,164.2,164.7,164.9,163.5,163.3,164.9,164.9,163.7,163.7,165.1]]","[[""CAL"",""CAL"",""CAL"",""CAL"",""CAL"",""CAL"",""CAL"",""CAL"",""CAL"",""CAL"",""CAL"",""CAL"",""CAL"",""CAL"",""CAL"",""CAL"",""CAL"",""CAL"",""CAL"",""CAL""]]","","",""
"145","[[164.6,164.4,165.1,164.6,165.3,164.8,164.7,165.1,164.3,163.1,164.0,164.9,165.0,163.6,164.2,165.3,164.8,163.7,163.8,165.0]]","[[""CAL"",""CAL"",""CAL"",""CAL"",""CAL"",""CAL"",""CAL"",""CAL"",""CAL"",""CAL"",""CAL"",""CAL"",""CAL"",""CAL"",""CAL"",""CAL"",""CAL"",""CAL"",""CAL"",""CAL""]]","","",""
"146","[[163.7,165.1,164.9,165.5,164.3,163.9,164.6,163.6,163.3,164.2,164.2,163.3,163.3,164.3,163.6,163.6,163.5,164.7,163.6,165.3]]","[[""CAL"",""CAL"",""CAL"",""CAL"",""CAL"",""CAL"",""CAL"",""CAL"",""CAL"",""CAL"",""CAL"",""CAL"",""CAL"",""CAL"",""CAL"",""CAL"",""CAL"",""CAL"",""CAL"",""CAL""]]","","",""
"147","[[164.6,164.4,165.0,165.5,164.2,163.9,164.7,163.6,163.3,164.2,163.7,163.3,163.6,164.2,163.7,163.9,163.9,164.5,163.6,165.3]]","[[""CAL"",""CAL"",""CAL"",""CAL"",""CAL"",""CAL"",""CAL"",""CAL"",""CAL"",""CAL"",""CAL"",""CAL"",""CAL"",""CAL"",""CAL"",""CAL"",""CAL"",""CAL"",""CAL"",""CAL""]]","","",""
"148","[[163.3,163.6,164.5,165.4,165.4,165.6,164.6,163.0,164.2,163.7,163.6,165.1,165.3,163.4,164.7,162.4,163.0,162.0,164.6,164.6]]","[[""CAL"",""CAL"",""CAL"",""CAL"",""CAL"",""CAL"",""CAL"",""CAL"",""CAL"",""CAL"",""CAL"",""CAL"",""CAL"",""CAL"",""CAL"",""CAL"",""CAL"",""CAL"",""CAL"",""CAL""]]","","",""
"149","[[163.3,163.7,164.2,165.4,164.6,164.9,164.9,165.3,164.3,165.0,163.7,165.2,165.7,163.4,164.4,162.4,163.1,164.2,164.7,164.6]]","[[""CAL"",""CAL"",""CAL"",""CAL"",""CAL"",""CAL"",""CAL"",""CAL"",""CAL"",""CAL"",""CAL"",""CAL"",""CAL"",""CAL"",""CAL"",""CAL"",""CAL"",""CAL"",""CAL"",""CAL""]]","","",""
"152","[[164.2,163.6,164.6,164.4,165.0,164.7,164.2,164.8,164.6,165.3,165.3,165.0,164.6,164.6,165.4,164.7,164.8,165.0,163.9,165.8]]","[[""CAL"",""CAL"",""CAL"",""CAL"",""CAL"",""CAL"",""CAL"",""CAL"",""CAL"",""CAL"",""CAL"",""CAL"",""CAL"",""CAL"",""CAL"",""CAL"",""CAL"",""CAL"",""CAL"",""CAL""]]","","",""
"153","[[164.3,163.9,164.9,164.3,165.1,165.4,164.6,164.7,164.6,165.2,164.7,165.2,164.7,164.4,165.4,165.1,165.1,165.4,163.9,165.7]]","[[""CAL"",""CAL"",""CAL"",""CAL"",""CAL"",""CAL"",""CAL"",""CAL"",""CAL"",""CAL"",""CAL"",""CAL"",""CAL"",""CAL"",""CAL"",""CAL"",""CAL"",""CAL"",""CAL"",""CAL""]]","","",""
"154","[[166.4,164.4,164.0,164.7,165.2,164.4,165.1,164.7,164.9,163.6,163.7,163.3,163.6,164.6,163.7,163.6,164.6,164.6,164.3,164.2]]","[[""CAL"",""CAL"",""CAL"",""CAL"",""CAL"",""CAL"",""CAL"",""CAL"",""CAL"",""CAL"",""CAL"",""CAL"",""CAL"",""CAL"",""CAL"",""CAL"",""CAL"",""CAL"",""CAL"",""CAL""]]","","",""
"155","[[166.0,164.7,164.0,164.6,165.2,164.7,165.1,164.3,165.0,163.6,163.6,163.2,163.7,164.6,163.9,163.6,165.4,164.7,165.5,163.9]]","[[""CAL"",""CAL"",""CAL"",""CAL"",""CAL"",""CAL"",""CAL"",""CAL"",""CAL"",""CAL"",""CAL"",""CAL"",""CAL"",""CAL"",""CAL"",""CAL"",""CAL"",""CAL"",""CAL"",""CAL""]]","","",""
"156","[[165.8,163.9,164.9,165.3,165.3,165.1,163.7,165.2,163.6,165.7,164.9,164.8,165.5,164.6,164.0,164.9,164.6,163.6,163.2,163.9]]","[[""CAL"",""CAL"",""CAL"",""CAL"",""CAL"",""CAL"",""CAL"",""CAL"",""CAL"",""CAL"",""CAL"",""CAL"",""CAL"",""CAL"",""CAL"",""CAL"",""CAL"",""CAL"",""CAL"",""CAL""]]","","",""
"157","[[163.3,163.9,164.9,165.0,165.3,164.4,163.6,165.2,163.7,165.4,164.6,164.8,164.3,164.6,164.2,165.2,164.6,163.6,164.3,163.9]]","[[""CAL"",""CAL"",""CAL"",""CAL"",""CAL"",""CAL"",""CAL"",""CAL"",""CAL"",""CAL"",""CAL"",""CAL"",""CAL"",""CAL"",""CAL"",""CAL"",""CAL"",""CAL"",""CAL"",""CAL""]]","","",""
"160","[[165.0,165.0,165.0,165.0,0,0,0,0,0,0,0,0,0,0,0,0,0,0,0,0]]","[[""PIN-DIODE"",""PIN-DIODE"",""PIN-DIODE"",""PIN-DIODE"",""EMPTY"",""EMPTY"",""EMPTY"",""EMPTY"",""EMPTY"",""EMPTY"",""EMPTY"",""EMPTY"",""EMPTY"",""EMPTY"",""EMPTY"",""EMPTY"",""EMPTY"",""EMPTY"",""EMPTY"",""EMPTY""]]","","",""
